{
  "project_info": {
    "project_number": "595945872565",
    "project_id": "grabble-148018"
  },
  "client": [
    {
      "client_info": {
        "mobilesdk_app_id": "1:595945872565:android:678cce1f7fcec6f1",
        "android_client_info": {
          "package_name": "theofanous.kendeas.grabble.grabble"
        }
      },
      "oauth_client": [
        {
          "client_id": "595945872565-jf8o4sv9vr6oe2gt3l5h3pdm2goe4fs4.apps.googleusercontent.com",
          "client_type": 1,
          "android_info": {
            "package_name": "theofanous.kendeas.grabble.grabble",
            "certificate_hash": "1B40FA38030A90BA3F8E1A71C53B84CA66A1DE1B"
          }
        },
        {
          "client_id": "595945872565-qjs2si4qsro6l6mid7s82v2l0anece11.apps.googleusercontent.com",
          "client_type": 3
        }
      ],
      "api_key": [
        {
          "current_key": "AIzaSyBsheOz-Cgf567606q_TCnLDC3fSqVXszE"
        }
      ],
      "services": {
        "analytics_service": {
          "status": 1
        },
        "appinvite_service": {
          "status": 1,
          "other_platform_oauth_client": []
        },
        "ads_service": {
          "status": 1
        }
      }
    }
  ],
  "configuration_version": "1"
}